{"Average Precision": 0.7894178155191989, "Test data Precision": 0.7859327217125383, "Confusion Matrix": [[29705, 3360], [4599, 12336]], "Classification Report": "              precision    recall  f1-score   support\n\n           0       0.87      0.90      0.88     33065\n           1       0.79      0.73      0.76     16935\n\n    accuracy                           0.84     50000\n   macro avg       0.83      0.81      0.82     50000\nweighted avg       0.84      0.84      0.84     50000\n", "_timestamp": 1706704519.3754144, "_runtime": 16.993703365325928, "_step": 0, "_wandb": {"runtime": 14}}